observed_on,latitude,longitude,place_county_name,place_state_name,url,image_url,description
10/04/2005,-224.155.188.206,-433.984.626.205,Petrópolis,Rio de Janeiro,https://www.inaturalist.org/observations/183122968,https://static.inaturalist.org/photos/319425173/medium.jpeg,
01/05/2006,-219.250.343.742,-428.714.539.978,Além Paraíba,Minas Gerais,https://www.inaturalist.org/observations/12180677,https://inaturalist-open-data.s3.amazonaws.com/photos/17489289/medium.jpeg,
23/10/2009,-2.227.386.096,-475.641.396.896,Rio Claro,São Paulo,https://www.inaturalist.org/observations/37692783,https://inaturalist-open-data.s3.amazonaws.com/photos/59806858/medium.png,
21/05/2011,-218.682.758.598,-428.961.583.229,Além Paraíba,Minas Gerais,https://www.inaturalist.org/observations/260913187,https://inaturalist-open-data.s3.amazonaws.com/photos/468643246/medium.jpg,
01/07/2011,-231.596.875.152,-448.200.742.088,Cunha,São Paulo,https://www.inaturalist.org/observations/115339263,https://static.inaturalist.org/photos/194688240/medium.jpg,
02/09/2012,-22.428.037.289,-432.463.621.042,Petrópolis,Rio de Janeiro,https://www.inaturalist.org/observations/37525090,https://static.inaturalist.org/photos/59504259/medium.jpeg,População local sofrendo muito por hibridação com C. penicillata.
08/01/2013,-219.072.528.589,-427.206.268.494,Sapucaia,Rio de Janeiro,https://www.inaturalist.org/observations/38005033,https://inaturalist-open-data.s3.amazonaws.com/photos/60337332/medium.jpg,
08/01/2013,-219.429.133.745,-427.324.592.792,Sapucaia,Rio de Janeiro,https://www.inaturalist.org/observations/38005034,https://inaturalist-open-data.s3.amazonaws.com/photos/60337335/medium.jpg,
08/01/2013,-218.828.903.465,-426.236.584.719,Sapucaia,Rio de Janeiro,https://www.inaturalist.org/observations/53431566,https://inaturalist-open-data.s3.amazonaws.com/photos/84981695/medium.jpg,
13/04/2013,-225.029.011.466,-433.067.367.048,Petrópolis,Rio de Janeiro,https://www.inaturalist.org/observations/106353745,https://static.inaturalist.org/photos/178644874/medium.jpg,
01/09/2013,-231.438.437.446,-453.369.526.251,Taubaté,São Paulo,https://www.inaturalist.org/observations/37792653,https://inaturalist-open-data.s3.amazonaws.com/photos/59984866/medium.jpg,
09/10/2013,-234.609.881.391,-451.666.077.984,Ubatuba,São Paulo,https://www.inaturalist.org/observations/194985683,https://static.inaturalist.org/photos/342903176/medium.jpeg,
09/10/2013,-235.518.541.073,-451.482.833.689,Ubatuba,São Paulo,https://www.inaturalist.org/observations/194985684,https://static.inaturalist.org/photos/342903191/medium.jpeg,
03/12/2013,-224.472.378.064,-467.923.556.803,Águas de Lindóia,São Paulo,https://www.inaturalist.org/observations/224303314,https://static.inaturalist.org/photos/397529427/medium.jpg,
01/01/2014,-232.988.399.993,-463.953.058.777,Nazaré Paulista,São Paulo,https://www.inaturalist.org/observations/102972397,https://inaturalist-open-data.s3.amazonaws.com/photos/172238202/medium.jpg,
20/04/2014,-230.320.456.635,-463.751.519.742,Nazaré Paulista,São Paulo,http://www.inaturalist.org/observations/633677,https://inaturalist-open-data.s3.amazonaws.com/photos/797225/medium.jpg,
19/07/2014,-235.420.087.973,-466.787.564.756,São Paulo,São Paulo,https://www.inaturalist.org/observations/195946595,https://inaturalist-open-data.s3.amazonaws.com/photos/344853389/medium.jpg,
19/07/2014,-234.167.062.191,-466.205.388.415,São Paulo,São Paulo,https://www.inaturalist.org/observations/195946601,https://inaturalist-open-data.s3.amazonaws.com/photos/344853577/medium.jpg,
17/01/2015,-209.772.360.767,-420.850.135.532,Porciúncula,Rio de Janeiro,https://www.inaturalist.org/observations/123898499,https://inaturalist-open-data.s3.amazonaws.com/photos/209945113/medium.jpeg,
12/02/2015,-221.681.631.873,-450.697.717.862,São Lourenço,Minas Gerais,https://www.inaturalist.org/observations/177351296,https://inaturalist-open-data.s3.amazonaws.com/photos/308440391/medium.jpg,
28/06/2015,-235.707.273.885,-465.114.529.631,São Paulo,São Paulo,https://www.inaturalist.org/observations/198409318,https://inaturalist-open-data.s3.amazonaws.com/photos/349698308/medium.jpg,
24/09/2015,-220.735.351.194,-450.403.447.017,São Lourenço,Minas Gerais,https://www.inaturalist.org/observations/227639481,https://inaturalist-open-data.s3.amazonaws.com/photos/403859294/medium.jpg,
04/12/2015,-209.927.204.116,-421.342.920.535,Porciúncula,Rio de Janeiro,https://www.inaturalist.org/observations/128377916,https://inaturalist-open-data.s3.amazonaws.com/photos/218053549/medium.jpeg,
13/12/2015,-234.428.260.666,-465.872.256.712,São Paulo,São Paulo,https://www.inaturalist.org/observations/102407596,https://inaturalist-open-data.s3.amazonaws.com/photos/171175600/medium.jpeg,
27/01/2016,-23.406.851.308,-467.522.616.885,São Paulo,São Paulo,https://www.inaturalist.org/observations/73508879,https://inaturalist-open-data.s3.amazonaws.com/photos/120017645/medium.jpg,
12/02/2016,-208.458.162.194,-418.218.823.306,Porciúncula,Rio de Janeiro,https://www.inaturalist.org/observations/123756598,https://inaturalist-open-data.s3.amazonaws.com/photos/209685504/medium.jpeg,
12/02/2016,-209.863.547.088,-419.899.538.532,Porciúncula,Rio de Janeiro,https://www.inaturalist.org/observations/123756601,https://inaturalist-open-data.s3.amazonaws.com/photos/209685531/medium.jpeg,
21/02/2016,-209.595.302.864,-42.191.588.766,Tombos,Minas Gerais,https://www.inaturalist.org/observations/214613744,https://inaturalist-open-data.s3.amazonaws.com/photos/379356790/medium.jpeg,"Mata do Banco, APA Água Santa de Minas"
28/02/2016,-209.374.599.447,-42.109.118.634,Tombos,Minas Gerais,https://www.inaturalist.org/observations/223785185,https://inaturalist-open-data.s3.amazonaws.com/photos/396557229/medium.jpeg,
26/05/2016,-23.423.778.498,-467.931.642.221,São Paulo,São Paulo,https://www.inaturalist.org/observations/73023625,https://inaturalist-open-data.s3.amazonaws.com/photos/119161815/medium.jpg,
26/05/2016,-234.774.745.665,-466.046.734.504,São Paulo,São Paulo,https://www.inaturalist.org/observations/73678169,https://inaturalist-open-data.s3.amazonaws.com/photos/120312628/medium.jpg,
08/06/2016,-221.512.290.693,-450.473.141.152,São Lourenço,Minas Gerais,https://www.inaturalist.org/observations/47023817,https://inaturalist-open-data.s3.amazonaws.com/photos/74569665/medium.jpg,
10/10/2016,-224.301.189.391,-431.164.243.482,Petrópolis,Rio de Janeiro,https://www.inaturalist.org/observations/29935165,https://inaturalist-open-data.s3.amazonaws.com/photos/46745021/medium.jpeg,Callithrix aurita - sagui-da-serra-escuro
01/12/2016,-208.634.065.922,-4.215.678.415,Tombos,Minas Gerais,https://www.inaturalist.org/observations/219126752,https://inaturalist-open-data.s3.amazonaws.com/photos/387824553/medium.jpeg,Indivíduo com fenótipo de híbrido
01/12/2016,-209.375.694.208,-420.217.855.819,Tombos,Minas Gerais,https://www.inaturalist.org/observations/219126755,https://inaturalist-open-data.s3.amazonaws.com/photos/387824546/medium.jpeg,Indivíduo com fenótipo de híbrido
12/03/2017,-223.555.769.021,-428.101.573.123,Teresópolis,Rio de Janeiro,https://www.inaturalist.org/observations/5308815,https://inaturalist-open-data.s3.amazonaws.com/photos/6579977/medium.jpeg,
16/04/2017,-219.699.281.997,-427.420.536.651,Sapucaia,Rio de Janeiro,https://www.inaturalist.org/observations/5805592,https://inaturalist-open-data.s3.amazonaws.com/photos/7446484/medium.jpeg,
22/04/2017,-221.192.728.801,-429.520.234.701,São José do Vale do Rio Preto,Rio de Janeiro,https://www.inaturalist.org/observations/6007282,https://inaturalist-open-data.s3.amazonaws.com/photos/7515207/medium.jpeg,
24/06/2017,-220.492.027.109,-450.911.095.738,São Lourenço,Minas Gerais,https://www.inaturalist.org/observations/195294804,https://inaturalist-open-data.s3.amazonaws.com/photos/343525966/medium.jpg,
07/09/2017,-209.137.936.074,-421.510.589.509,Porciúncula,Rio de Janeiro,https://www.inaturalist.org/observations/123898555,https://inaturalist-open-data.s3.amazonaws.com/photos/209945275/medium.jpeg,
08/09/2017,-219.954.670.803,-452.311.416.584,Lambari,Minas Gerais,https://www.inaturalist.org/observations/199507506,https://static.inaturalist.org/photos/351845044/medium.jpeg,
26/11/2017,-226.819.795.976,-455.046.873.275,Pindamonhangaba,São Paulo,https://www.inaturalist.org/observations/40790050,https://inaturalist-open-data.s3.amazonaws.com/photos/64660028/medium.jpeg,
29/11/2017,-230.360.304.507,-463.620.530.146,Nazaré Paulista,São Paulo,https://www.inaturalist.org/observations/8976388,https://static.inaturalist.org/photos/12106529/medium.jpeg,
26/01/2018,-220.408.214.301,-450.633.333.902,São Lourenço,Minas Gerais,https://www.inaturalist.org/observations/148327267,https://static.inaturalist.org/photos/255405983/medium.jpg,
04/02/2018,-222.562.313.673,-431.109.346.228,Petrópolis,Rio de Janeiro,https://www.inaturalist.org/observations/82057761,https://inaturalist-open-data.s3.amazonaws.com/photos/134635565/medium.jpeg,
15/05/2018,-206.992.846.277,-42.832.841.555,Viçosa,Minas Gerais,https://www.inaturalist.org/observations/56944222,https://inaturalist-open-data.s3.amazonaws.com/photos/90783408/medium.jpeg,
21/05/2018,-207.976.859.851,-429.327.348.498,Viçosa,Minas Gerais,https://www.inaturalist.org/observations/49130181,https://inaturalist-open-data.s3.amazonaws.com/photos/77983604/medium.jpeg,
22/05/2018,-207.743.199.265,-428.874.283.204,Viçosa,Minas Gerais,https://www.inaturalist.org/observations/54206013,https://inaturalist-open-data.s3.amazonaws.com/photos/86240397/medium.jpeg,
05/06/2018,-232.662.723.599,-46.820.808.092,Jundiaí,São Paulo,https://www.inaturalist.org/observations/38919571,https://static.inaturalist.org/photos/61850605/medium.jpg,
17/06/2018,-207.890.819.196,-429.423.021.831,Viçosa,Minas Gerais,https://www.inaturalist.org/observations/56792846,https://inaturalist-open-data.s3.amazonaws.com/photos/90529591/medium.jpeg,
21/06/2018,-234.495.065.081,-462.824.953.413,Mogi das Cruzes,São Paulo,https://www.inaturalist.org/observations/189977208,https://static.inaturalist.org/photos/332931003/medium.jpeg,
17/08/2018,-227.350.587.679,-481.575.348.321,Anhembi,São Paulo,https://www.inaturalist.org/observations/196664033,https://inaturalist-open-data.s3.amazonaws.com/photos/346176670/medium.jpg,
18/08/2018,-223.035.762.898,-456.970.738.501,Santa Rita do Ibitipoca,Minas Gerais,https://www.inaturalist.org/observations/136060528,https://static.inaturalist.org/photos/232158643/medium.jpeg,
10/09/2018,-206.402.610.322,-42.881.020.014,Teixeiras,Minas Gerais,https://www.inaturalist.org/observations/56765683,https://inaturalist-open-data.s3.amazonaws.com/photos/90474162/medium.jpeg,Grupo de formas híbridas bem semelhantes a Callithrix aurita
21/12/2018,-224.196.709.741,-433.084.343.277,Petrópolis,Rio de Janeiro,https://www.inaturalist.org/observations/54160622,https://inaturalist-open-data.s3.amazonaws.com/photos/86157386/medium.jpeg,
21/12/2018,-22.504.930.434,-433.949.975.733,Miguel Pereira,Rio de Janeiro,https://www.inaturalist.org/observations/56656484,https://inaturalist-open-data.s3.amazonaws.com/photos/90301187/medium.jpeg,
27/12/2018,-210.659.865.963,-426.355.350.106,Guiricema,Minas Gerais,https://www.inaturalist.org/observations/56634219,https://inaturalist-open-data.s3.amazonaws.com/photos/90264256/medium.jpeg,
29/12/2018,-211.324.284.967,-427.588.421.395,Guidoval,Minas Gerais,https://www.inaturalist.org/observations/56559263,https://inaturalist-open-data.s3.amazonaws.com/photos/90141126/medium.jpeg,
01/01/2019,-233.735.458.927,-456.348.582.286,Jambeiro,São Paulo,https://www.inaturalist.org/observations/35943531,https://static.inaturalist.org/photos/56746547/medium.jpg,"Visto com certa frequencia, em um pequeno bando."
04/01/2019,-211.686.653.037,-427.738.943.245,Guidoval,Minas Gerais,https://www.inaturalist.org/observations/56541206,https://inaturalist-open-data.s3.amazonaws.com/photos/90110706/medium.jpeg,Grupo de 16 individuos
04/01/2019,-211.596.477.205,-427.047.330.476,Guidoval,Minas Gerais,https://www.inaturalist.org/observations/56541209,https://inaturalist-open-data.s3.amazonaws.com/photos/90110874/medium.jpeg,Grupo misto formado por auritas e híbridos
07/01/2019,-21.138.470.638,-427.339.607.819,Guidoval,Minas Gerais,https://www.inaturalist.org/observations/56539615,https://inaturalist-open-data.s3.amazonaws.com/photos/90107611/medium.jpeg,Grupo de três individuos
08/01/2019,-211.443.964.441,-427.237.200.874,Guidoval,Minas Gerais,https://www.inaturalist.org/observations/56536829,https://inaturalist-open-data.s3.amazonaws.com/photos/90104575/medium.jpeg,
21/02/2019,-210.216.606.838,-4.265.035.194,Guidoval,Minas Gerais,https://www.inaturalist.org/observations/54162202,https://inaturalist-open-data.s3.amazonaws.com/photos/86166813/medium.jpeg,
23/02/2019,-210.481.392.258,-426.456.061.294,Guidoval,Minas Gerais,https://www.inaturalist.org/observations/56529703,https://inaturalist-open-data.s3.amazonaws.com/photos/90092206/medium.jpeg,Grupo formado por 16 individuos
25/03/2019,-207.131.357.738,-428.152.924.306,Viçosa,Minas Gerais,https://www.inaturalist.org/observations/56528219,https://inaturalist-open-data.s3.amazonaws.com/photos/90089312/medium.jpeg,Grupo formado por dois auritas e dois híbridos
04/04/2019,-206.487.028.808,-429.974.602.485,Viçosa,Minas Gerais,https://www.inaturalist.org/observations/56526000,https://inaturalist-open-data.s3.amazonaws.com/photos/90086906/medium.jpeg,Grupo formado por dois auritas e dois híbridos
19/04/2019,-210.239.252.069,-426.791.270.374,Guidoval,Minas Gerais,https://www.inaturalist.org/observations/54204838,https://inaturalist-open-data.s3.amazonaws.com/photos/86238401/medium.jpeg,"Grupo composto na época por 16 indivíduos, sem presença de espécies invasoras"
19/04/2019,-210.805.253.738,-426.565.344.032,Guidoval,Minas Gerais,https://www.inaturalist.org/observations/56524433,https://inaturalist-open-data.s3.amazonaws.com/photos/90084106/medium.jpeg,Grupo com cerca de dez individuos
19/04/2019,-21.144.139.649,-427.051.366.757,Guidoval,Minas Gerais,https://www.inaturalist.org/observations/56541207,https://inaturalist-open-data.s3.amazonaws.com/photos/90111262/medium.jpeg,Grupo formado por 16 indivíduos
07/05/2019,-22.922.367.768,-457.464.877.406,Santo Antônio do Pinhal,São Paulo,https://www.inaturalist.org/observations/185986901,https://inaturalist-open-data.s3.amazonaws.com/photos/324927742/medium.jpeg,
08/07/2019,-211.173.355.859,-426.570.553.028,Guidoval,Minas Gerais,https://www.inaturalist.org/observations/56056304,https://inaturalist-open-data.s3.amazonaws.com/photos/89299102/medium.jpeg,"Grupo com cerca de ddez individuos, sem presença de individuos híbridos."
09/07/2019,-224.705.637.746,-430.280.712.533,Petrópolis,Rio de Janeiro,https://www.inaturalist.org/observations/82057794,https://inaturalist-open-data.s3.amazonaws.com/photos/134637404/medium.jpeg,
28/07/2019,-230.721.896.233,-444.722.770.303,Parati,Rio de Janeiro,https://www.inaturalist.org/observations/29752063,https://inaturalist-open-data.s3.amazonaws.com/photos/86230722/medium.jpeg,
03/08/2019,-211.620.874.978,-426.659.416.389,Guidoval,Minas Gerais,https://www.inaturalist.org/observations/55526933,https://inaturalist-open-data.s3.amazonaws.com/photos/88419638/medium.jpeg,"Grupo formado por cerca de dez indivíduos, sem hibridação"
11/08/2019,-206.162.535.375,-428.145.142.335,Viçosa,Minas Gerais,https://www.inaturalist.org/observations/55439191,https://inaturalist-open-data.s3.amazonaws.com/photos/88277571/medium.jpeg,Dois indivíduos puros e um híbrido
11/09/2019,-211.564.545.448,-427.278.066.049,Guidoval,Minas Gerais,https://www.inaturalist.org/observations/55315430,https://inaturalist-open-data.s3.amazonaws.com/photos/88065494/medium.jpeg,"Grupo formado por cerca de oito individuos, sem a presença de invasores ou híbridos"
11/09/2019,-211.444.814.479,-426.729.643.202,Guidoval,Minas Gerais,https://www.inaturalist.org/observations/55315437,https://inaturalist-open-data.s3.amazonaws.com/photos/88066173/medium.jpeg,"Grupo formado por cerca de 15 indivíduos, cerca de dez são indivíduos puros e cinco híbridos"
02/10/2019,-220.313.490.779,-451.733.766.838,São Lourenço,Minas Gerais,https://www.inaturalist.org/observations/109393128,https://inaturalist-open-data.s3.amazonaws.com/photos/184365312/medium.jpeg,
16/10/2019,-225.934.739.918,-445.547.620.905,Resende,Rio de Janeiro,https://www.inaturalist.org/observations/195294758,https://inaturalist-open-data.s3.amazonaws.com/photos/343525782/medium.jpg,
15/11/2019,-208.450.147.856,-420.941.861.715,Porciúncula,Rio de Janeiro,https://www.inaturalist.org/observations/123902020,https://inaturalist-open-data.s3.amazonaws.com/photos/209951347/medium.jpeg,Com filhotes gêmeos.
03/05/2020,-210.828.037.247,-426.215.760.029,Guidoval,Minas Gerais,https://www.inaturalist.org/observations/54205511,https://inaturalist-open-data.s3.amazonaws.com/photos/86239739/medium.jpeg,"Único indivíduo puro de um pequeno grupo formado por um infante de espécue ainda indeterminada e um híbrido, provavelmente um cruzamento entre Callithrix aurita e C. penicillata"
15/05/2020,-233.607.830.557,-471.882.332.678,Cabreúva,São Paulo,https://www.inaturalist.org/observations/153129940,https://inaturalist-open-data.s3.amazonaws.com/photos/264438642/medium.jpg,
17/05/2020,-210.165.921.786,-426.370.263.435,Guidoval,Minas Gerais,https://www.inaturalist.org/observations/55051058,https://inaturalist-open-data.s3.amazonaws.com/photos/87630214/medium.jpeg,Indivíduo que faz parte de um pequeno grupo com um filhote ainda indefinido e um indivíduo híbrido.
07/06/2020,-211.468.529.165,-426.799.635.853,Guidoval,Minas Gerais,https://www.inaturalist.org/observations/54203103,https://inaturalist-open-data.s3.amazonaws.com/photos/86235408/medium.jpeg,"Grupo de cerca de dez indivíduos, sem presença de espécies invasoras"
21/06/2020,-210.555.248.212,-427.803.222.567,Guidoval,Minas Gerais,https://www.inaturalist.org/observations/54294642,https://inaturalist-open-data.s3.amazonaws.com/photos/86384883/medium.jpeg,"Pequeno grupo formado por macho de Callithrx aurita, híbrido não fotografado e filhote que aparentemente se trata de um C. aurita."
21/06/2020,-21.064.278.488,-427.787.936.264,Guidoval,Minas Gerais,https://www.inaturalist.org/observations/54295370,https://inaturalist-open-data.s3.amazonaws.com/photos/86386904/medium.jpeg,"Grupo composto por mais de dez indivíduos, sem presença de espécies invasoras"
05/07/2020,-208.084.190.597,-421.648.838.782,Tombos,Minas Gerais,https://www.inaturalist.org/observations/52638240,https://static.inaturalist.org/photos/83689553/medium.jpeg,
17/07/2020,-232.875.354.349,-468.455.686.248,Cajamar,São Paulo,https://www.inaturalist.org/observations/103816155,https://static.inaturalist.org/photos/173847783/medium.jpg,
12/10/2020,-232.282.857.448,-45.974.943.355,São José dos Campos,São Paulo,https://www.inaturalist.org/observations/198167160,https://static.inaturalist.org/photos/349211500/medium.jpeg,Registro de uma mãe com dois filhotes nas costas
08/11/2020,-221.060.800.618,-462.008.507.368,Santa Rita de Caldas,Minas Gerais,https://www.inaturalist.org/observations/64680897,https://inaturalist-open-data.s3.amazonaws.com/photos/104022473/medium.jpg,
20/11/2020,-226.344.890.002,-447.356.250.571,São José do Barreiro,São Paulo,https://www.inaturalist.org/observations/215057195,https://inaturalist-open-data.s3.amazonaws.com/photos/380173582/medium.png,
24/11/2020,-213.511.729.651,-502.011.289.912,Birigui,São Paulo,https://www.inaturalist.org/observations/115278030,https://static.inaturalist.org/photos/194591780/medium.jpeg,
29/11/2020,-217.826.175.198,-459.401.047.959,Poço Fundo,Minas Gerais,https://www.inaturalist.org/observations/65937382,https://inaturalist-open-data.s3.amazonaws.com/photos/106210853/medium.jpeg,Havia um casal no local
25/12/2020,-222.932.294.074,-433.571.455.974,Petrópolis,Rio de Janeiro,https://www.inaturalist.org/observations/67062754,https://inaturalist-open-data.s3.amazonaws.com/photos/108256720/medium.jpeg,Vídeo: https://youtu.be/zIb3zuL_5Dk
27/12/2020,-234.854.920.183,-458.888.155.272,Salesópolis,São Paulo,https://www.inaturalist.org/observations/102418520,https://inaturalist-open-data.s3.amazonaws.com/photos/171196562/medium.jpeg,
09/02/2021,-223.482.605.439,-431.858.434.748,Petrópolis,Rio de Janeiro,https://www.inaturalist.org/observations/82057875,https://inaturalist-open-data.s3.amazonaws.com/photos/134644002/medium.jpeg,
09/02/2021,-227.537.535.256,-44.780.926.104,São José do Barreiro,São Paulo,https://www.inaturalist.org/observations/215057194,https://inaturalist-open-data.s3.amazonaws.com/photos/380173282/medium.jpg,Filhote
14/02/2021,-231.657.402.803,-449.746.730.338,Cunha,São Paulo,https://www.inaturalist.org/observations/123125691,https://inaturalist-open-data.s3.amazonaws.com/photos/208544606/medium.png,Grupo observado na beira da estrada. Vários indivíduos estavam se alimentando de goma em uma Anadenanthera peregrina. No grupo havia pelo menos um indivíduo carregando um filhote. Imagens são capturas de arquivo de vídeo.
27/02/2021,-232.475.896.407,-470.695.631.027,Cabreúva,São Paulo,https://www.inaturalist.org/observations/242289486,https://static.inaturalist.org/photos/431937678/medium.jpg,
27/02/2021,-232.808.946.036,-471.954.587.542,Cabreúva,São Paulo,https://www.inaturalist.org/observations/242289492,https://static.inaturalist.org/photos/431937681/medium.jpg,
27/02/2021,-233.075.419.365,-470.902.458.747,Cabreúva,São Paulo,https://www.inaturalist.org/observations/242289493,https://static.inaturalist.org/photos/431937682/medium.jpg,
22/03/2021,-231.128.948.652,-452.334.914.582,Taubaté,São Paulo,https://www.inaturalist.org/observations/72173513,https://inaturalist-open-data.s3.amazonaws.com/photos/117627605/medium.jpeg,
27/03/2021,-211.166.867.496,-419.354.458.396,Natividade,Rio de Janeiro,https://www.inaturalist.org/observations/229861077,https://static.inaturalist.org/photos/408070882/medium.jpg,
05/04/2021,-227.372.831.275,-44.669.107.521,São José do Barreiro,São Paulo,https://www.inaturalist.org/observations/215063642,https://inaturalist-open-data.s3.amazonaws.com/photos/380184265/medium.jpeg,
05/04/2021,-227.001.220.536,-446.697.747.518,São José do Barreiro,São Paulo,https://www.inaturalist.org/observations/215063650,https://inaturalist-open-data.s3.amazonaws.com/photos/380184878/medium.jpeg,
06/04/2021,-227.144.098.059,-446.068.522.436,São José do Barreiro,São Paulo,https://www.inaturalist.org/observations/215057205,https://inaturalist-open-data.s3.amazonaws.com/photos/380173674/medium.jpg,
23/04/2021,-208.881.307.466,-421.519.378.554,Tombos,Minas Gerais,https://www.inaturalist.org/observations/214606252,https://inaturalist-open-data.s3.amazonaws.com/photos/379342288/medium.jpeg,
06/05/2021,-228.928.044.952,-463.057.661.751,Extrema,Minas Gerais,https://www.inaturalist.org/observations/79539443,https://inaturalist-open-data.s3.amazonaws.com/photos/130286734/medium.jpeg,
28/05/2021,-232.717.614.612,-468.478.168.117,Jundiaí,São Paulo,https://www.inaturalist.org/observations/264949714,https://static.inaturalist.org/photos/475821666/medium.jpg,
05/06/2021,-235.884.033.513,-467.863.149.537,São Paulo,São Paulo,https://www.inaturalist.org/observations/81815163,https://static.inaturalist.org/photos/134201789/medium.jpeg,
06/06/2021,-234.162.646.415,-460.089.685.368,Guaratinguetá,São Paulo,https://www.inaturalist.org/observations/81953841,https://static.inaturalist.org/photos/134461254/medium.jpeg,
21/07/2021,-223.356.954.746,-431.350.668.273,Petrópolis,Rio de Janeiro,https://www.inaturalist.org/observations/89829324,https://inaturalist-open-data.s3.amazonaws.com/photos/148382452/medium.jpeg,
03/08/2021,-232.668.341.965,-466.470.555.756,Franco da Rocha,São Paulo,https://www.inaturalist.org/observations/90550437,https://inaturalist-open-data.s3.amazonaws.com/photos/149665581/medium.jpeg,Aparentemente com fenótipo híbrido.
03/09/2021,-22.152.260.127,-459.709.989.882,Silvianópolis,Minas Gerais,https://www.inaturalist.org/observations/93659638,https://static.inaturalist.org/photos/155261938/medium.jpeg,
05/09/2021,-23.378.612.207,-467.673.065.418,Mairiporã,São Paulo,https://www.inaturalist.org/observations/93720673,https://static.inaturalist.org/photos/155371659/medium.jpeg,
19/09/2021,-223.489.597.258,-430.422.047.167,São José do Vale do Rio Preto,Rio de Janeiro,https://www.inaturalist.org/observations/95815011,https://inaturalist-open-data.s3.amazonaws.com/photos/159109099/medium.jpeg,
23/09/2021,-229.918.541.458,-478.828.540.811,Piracicaba,São Paulo,https://www.inaturalist.org/observations/98148181,https://inaturalist-open-data.s3.amazonaws.com/photos/163353396/medium.jpeg,"Vídeo
https://youtu.be/4LWtunkMKOc"
23/09/2021,-228.032.810.695,-478.878.956.128,Piracicaba,São Paulo,https://www.inaturalist.org/observations/98519343,https://inaturalist-open-data.s3.amazonaws.com/photos/164042720/medium.jpg,"Vídeo
https://youtu.be/4LWtunkMKOc"
12/10/2021,-228.395.169.517,-4.621.588.496,Extrema,Minas Gerais,https://www.inaturalist.org/observations/98045361,https://inaturalist-open-data.s3.amazonaws.com/photos/163160866/medium.jpg,Grupo de 10 indivíduos (sendo 2 infantes)
14/11/2021,-211.500.350.982,-421.447.416.728,Itaperuna,Rio de Janeiro,https://www.inaturalist.org/observations/247140332,https://inaturalist-open-data.s3.amazonaws.com/photos/441331695/medium.jpeg,
20/11/2021,-23.589.668.477,-458.286.532.578,Salesópolis,São Paulo,https://www.inaturalist.org/observations/102825594,https://static.inaturalist.org/photos/171968589/medium.jpg,
06/12/2021,-234.875.200.437,-458.385.658.133,Salesópolis,São Paulo,https://www.inaturalist.org/observations/102831915,https://inaturalist-open-data.s3.amazonaws.com/photos/171979985/medium.jpg,
23/01/2022,-232.442.407.553,-464.506.285.616,Guarulhos,São Paulo,https://www.inaturalist.org/observations/129733131,https://inaturalist-open-data.s3.amazonaws.com/photos/220509254/medium.jpg,
23/01/2022,-233.257.779.368,-465.830.115.636,Guarulhos,São Paulo,https://www.inaturalist.org/observations/129733133,https://inaturalist-open-data.s3.amazonaws.com/photos/220509280/medium.jpg,
28/01/2022,-233.520.971.579,-457.392.518.551,Paraibuna,São Paulo,https://www.inaturalist.org/observations/105765048,https://static.inaturalist.org/photos/177533847/medium.jpeg,Grupos com cerca de 12 indivíduos
26/02/2022,-233.747.370.171,-467.136.715.971,Franco da Rocha,São Paulo,https://www.inaturalist.org/observations/120748857,https://static.inaturalist.org/photos/204261121/medium.jpeg,
06/03/2022,-23.518.985.339,-459.971.494.246,Salesópolis,São Paulo,https://www.inaturalist.org/observations/272309083,https://static.inaturalist.org/photos/489895712/medium.jpg,
10/03/2022,-231.366.525.739,-452.660.891.075,Taubaté,São Paulo,https://www.inaturalist.org/observations/108324770,https://inaturalist-open-data.s3.amazonaws.com/photos/182361138/medium.jpeg,"Grupo com, pelo menos, cinco indivíduos (4 adultos e 1 filhote)."
27/03/2022,-208.249.892.389,-420.002.075.217,Porciúncula,Rio de Janeiro,https://www.inaturalist.org/observations/123756574,https://inaturalist-open-data.s3.amazonaws.com/photos/209685131/medium.jpg,
04/04/2022,-229.832.546.756,-46.296.446.547,Extrema,Minas Gerais,https://www.inaturalist.org/observations/111792923,https://inaturalist-open-data.s3.amazonaws.com/photos/188765080/medium.jpeg,Parque de Eventos
23/05/2022,-230.905.750.647,-449.368.066.504,Cunha,São Paulo,https://www.inaturalist.org/observations/179749553,https://static.inaturalist.org/photos/312988985/medium.jpeg,
19/06/2022,-231.285.142.443,-448.448.933.282,Cunha,São Paulo,https://www.inaturalist.org/observations/123294170,https://inaturalist-open-data.s3.amazonaws.com/photos/208851937/medium.jpeg,Grupo com pelo menos 6 indivíduos na beira da estrada forrageando em uma Anadenanthera peregrina. Um dos indivíduos possuia apenas metade da cauda.
09/07/2022,-221.803.398.202,-451.320.098.324,São Lourenço,Minas Gerais,https://www.inaturalist.org/observations/143724188,https://inaturalist-open-data.s3.amazonaws.com/photos/246536486/medium.jpeg,
18/07/2022,-231.244.102.586,-460.592.539.797,São José dos Campos,São Paulo,https://www.inaturalist.org/observations/126860645,https://inaturalist-open-data.s3.amazonaws.com/photos/215296953/medium.jpg,"Fazenda Montes Claros, São José dos Campos, SP, Brasil."
19/07/2022,-218.308.191.418,-462.885.215.274,Caldas,Minas Gerais,https://www.inaturalist.org/observations/198058831,https://inaturalist-open-data.s3.amazonaws.com/photos/348994793/medium.jpg,Cachoeira Bacião
26/07/2022,-220.456.765.678,-45.150.737.819,São Lourenço,Minas Gerais,https://www.inaturalist.org/observations/146795135,https://static.inaturalist.org/photos/252459960/medium.jpeg,
19/08/2022,-232.892.054.943,-452.708.308.752,Natividade da Serra,São Paulo,https://www.inaturalist.org/observations/138557584,https://inaturalist-open-data.s3.amazonaws.com/photos/236845852/medium.jpeg,
30/10/2022,-209.808.866.271,-421.181.681.752,Porciúncula,Rio de Janeiro,https://www.inaturalist.org/observations/140925659,https://inaturalist-open-data.s3.amazonaws.com/photos/241311387/medium.jpg,
05/11/2022,-232.647.591.202,-452.007.206.658,São Luiz do Paraitinga,São Paulo,https://www.inaturalist.org/observations/141191468,https://inaturalist-open-data.s3.amazonaws.com/photos/241821160/medium.jpg,
05/11/2022,-223.475.245.353,-471.826.605.061,Mogi Guaçu,São Paulo,https://www.inaturalist.org/observations/283215545,https://static.inaturalist.org/photos/508875117/medium.jpg,
07/01/2023,-220.003.665.079,-450.109.986.849,São Lourenço,Minas Gerais,https://www.inaturalist.org/observations/146398208,https://inaturalist-open-data.s3.amazonaws.com/photos/251685253/medium.jpeg,
12/01/2023,-22.680.596.583,-447.552.718.724,São José do Barreiro,São Paulo,https://www.inaturalist.org/observations/215057193,https://inaturalist-open-data.s3.amazonaws.com/photos/380173492/medium.jpeg,
16/01/2023,-235.160.244.422,-458.743.790.431,Salesópolis,São Paulo,https://www.inaturalist.org/observations/147201131,https://static.inaturalist.org/photos/253248832/medium.jpeg,
24/01/2023,-22.674.154.744,-454.697.337.757,São Bento do Sapucaí,São Paulo,https://www.inaturalist.org/observations/147295718,https://static.inaturalist.org/photos/253431681/medium.jpeg,
07/02/2023,-231.956.761.732,-455.235.269.461,Taubaté,São Paulo,https://www.inaturalist.org/observations/149685585,https://static.inaturalist.org/photos/257968957/medium.jpeg,
11/02/2023,-235.148.836.587,-458.438.229.349,Salesópolis,São Paulo,https://www.inaturalist.org/observations/148865239,https://static.inaturalist.org/photos/256431618/medium.jpg,
19/02/2023,-226.579.667.797,-446.730.172.088,São José do Barreiro,São Paulo,https://www.inaturalist.org/observations/215057209,https://inaturalist-open-data.s3.amazonaws.com/photos/380173941/medium.jpeg,Filhote
20/02/2023,-224.138.119.106,-435.885.887.803,Miguel Pereira,Rio de Janeiro,https://www.inaturalist.org/observations/149287711,https://static.inaturalist.org/photos/257222541/medium.jpeg,
25/02/2023,-224.341.540.341,-429.164.594.754,Teresópolis,Rio de Janeiro,https://www.inaturalist.org/observations/149646598,https://inaturalist-open-data.s3.amazonaws.com/photos/257896966/medium.jpg,3 indivíduos em floresta ripária secundarizada. Muito ariscos.
28/02/2023,-226.552.514.088,-446.533.402.588,São José do Barreiro,São Paulo,https://www.inaturalist.org/observations/151270448,https://inaturalist-open-data.s3.amazonaws.com/photos/260977354/medium.jpeg,
01/03/2023,-227.282.998.611,-447.906.410.352,São José do Barreiro,São Paulo,https://www.inaturalist.org/observations/215057222,https://inaturalist-open-data.s3.amazonaws.com/photos/380173909/medium.jpeg,
15/03/2023,-235.879.420.376,-460.722.441.232,Mogi das Cruzes,São Paulo,https://www.inaturalist.org/observations/178204510,https://static.inaturalist.org/photos/310048589/medium.jpeg,
18/03/2023,-224.322.383.016,-457.324.091.509,Conceição dos Ouros,Minas Gerais,https://www.inaturalist.org/observations/152575101,https://inaturalist-open-data.s3.amazonaws.com/photos/263405867/medium.jpg,
25/03/2023,-239.398.533.673,-46.981.839.203,Juquitiba,São Paulo,https://www.inaturalist.org/observations/198003914,https://static.inaturalist.org/photos/348884071/medium.jpeg,"Bando formado por ao menos seis indivíduos, que foram visualizados, todos com fenótipo condizentes com C. aurita."
01/04/2023,-232.335.141.545,-462.549.500.741,Aruja,São Paulo,https://www.inaturalist.org/observations/153193008,https://inaturalist-open-data.s3.amazonaws.com/photos/264558262/medium.jpg,
01/04/2023,-232.452.270.265,-462.496.282.319,Aruja,São Paulo,https://www.inaturalist.org/observations/153759032,https://inaturalist-open-data.s3.amazonaws.com/photos/265605602/medium.jpg,
07/04/2023,-208.425.001.575,-421.186.450.965,Porciúncula,Rio de Janeiro,https://www.inaturalist.org/observations/155394982,https://inaturalist-open-data.s3.amazonaws.com/photos/268608515/medium.jpg,
25/04/2023,-230.391.550.993,-462.161.547.133,Nazaré Paulista,São Paulo,https://www.inaturalist.org/observations/167036286,https://inaturalist-open-data.s3.amazonaws.com/photos/289306485/medium.jpg,
25/04/2023,-230.382.836.924,-463.962.279.638,Nazaré Paulista,São Paulo,https://www.inaturalist.org/observations/167036289,https://inaturalist-open-data.s3.amazonaws.com/photos/289306512/medium.jpg,
25/04/2023,-23.151.277.794,-462.524.019.629,Nazaré Paulista,São Paulo,https://www.inaturalist.org/observations/167036290,https://inaturalist-open-data.s3.amazonaws.com/photos/289306540/medium.jpg,
25/04/2023,-23.124.505.619,-462.957.275.865,Nazaré Paulista,São Paulo,https://www.inaturalist.org/observations/167036291,https://inaturalist-open-data.s3.amazonaws.com/photos/289306596/medium.jpg,
25/04/2023,-230.316.063.335,-46.236.440.093,Nazaré Paulista,São Paulo,https://www.inaturalist.org/observations/167036297,https://inaturalist-open-data.s3.amazonaws.com/photos/289306653/medium.jpg,
25/04/2023,-230.128.374.597,-463.974.704.606,Nazaré Paulista,São Paulo,https://www.inaturalist.org/observations/167036298,https://inaturalist-open-data.s3.amazonaws.com/photos/289306609/medium.jpg,
29/04/2023,-233.386.364.739,-467.606.995.277,Mairiporã,São Paulo,https://www.inaturalist.org/observations/157894101,https://static.inaturalist.org/photos/272936598/medium.jpeg,
30/04/2023,-23.181.270.928,-459.352.224.084,São José dos Campos,São Paulo,https://www.inaturalist.org/observations/159984159,https://static.inaturalist.org/photos/276435663/medium.jpeg,
07/05/2023,-222.352.610.247,-425.085.728.794,Nova Friburgo,Rio de Janeiro,https://www.inaturalist.org/observations/161162573,https://inaturalist-open-data.s3.amazonaws.com/photos/278549591/medium.jpg,
14/05/2023,-220.689.571.483,-452.257.735.724,Conceição das Alagoas,Minas Gerais,https://www.inaturalist.org/observations/222137533,https://static.inaturalist.org/photos/393458278/medium.jpg,
23/05/2023,-228.863.182.894,-448.297.820.311,Cachoeira Paulista,São Paulo,https://www.inaturalist.org/observations/182086744,https://inaturalist-open-data.s3.amazonaws.com/photos/317413303/medium.jpeg,
29/06/2023,-235.290.522.827,-459.236.499.248,Salesópolis,São Paulo,https://www.inaturalist.org/observations/174327413,https://static.inaturalist.org/photos/302838607/medium.jpg,
01/07/2023,-230.049.212.085,-457.786.586.078,São José dos Campos,São Paulo,https://www.inaturalist.org/observations/171197297,https://static.inaturalist.org/photos/297044839/medium.jpg,"Smiling and calling
Localizado no Parque Alambari"
01/07/2023,-233.217.908.034,-457.528.872.653,São José dos Campos,São Paulo,https://www.inaturalist.org/observations/171388910,https://static.inaturalist.org/photos/297398485/medium.jpg,"Acasalamento
Mating
Parque do Alambari"
06/07/2023,-209.875.872.626,-42.063.310.048,Tombos,Minas Gerais,https://www.inaturalist.org/observations/171427316,https://static.inaturalist.org/photos/297466548/medium.jpeg,
11/07/2023,-220.252.562.251,-451.269.153.866,São Lourenço,Minas Gerais,https://www.inaturalist.org/observations/174887573,https://inaturalist-open-data.s3.amazonaws.com/photos/303874579/medium.jpeg,
13/07/2023,-220.843.498.576,-451.884.149.292,São Lourenço,Minas Gerais,https://www.inaturalist.org/observations/175030024,https://inaturalist-open-data.s3.amazonaws.com/photos/304143194/medium.jpeg,
13/07/2023,-221.786.119.045,-451.164.324.136,São Lourenço,Minas Gerais,https://www.inaturalist.org/observations/175030025,https://inaturalist-open-data.s3.amazonaws.com/photos/304143934/medium.jpeg,
24/07/2023,-230.044.350.038,-446.608.285.903,Parati,Rio de Janeiro,https://www.inaturalist.org/observations/177593766,https://inaturalist-open-data.s3.amazonaws.com/photos/308898562/medium.jpeg,
24/07/2023,-230.809.093.256,-447.369.396.101,Parati,Rio de Janeiro,https://www.inaturalist.org/observations/181815734,https://inaturalist-open-data.s3.amazonaws.com/photos/316886610/medium.jpeg,
19/08/2023,-232.658.517.483,-466.105.237.421,Mairiporã,São Paulo,https://www.inaturalist.org/observations/179837076,https://inaturalist-open-data.s3.amazonaws.com/photos/313159202/medium.jpeg,
22/08/2023,-230.313.229.042,-448.289.682.233,Cunha,São Paulo,https://www.inaturalist.org/observations/179749606,https://static.inaturalist.org/photos/312988364/medium.jpeg,
10/09/2023,-230.418.606.349,-448.752.101.304,Cunha,São Paulo,https://www.inaturalist.org/observations/182622457,https://static.inaturalist.org/photos/318448682/medium.jpeg,
27/09/2023,-234.274.610.176,-461.727.658.844,Mogi das Cruzes,São Paulo,https://www.inaturalist.org/observations/185309885,https://inaturalist-open-data.s3.amazonaws.com/photos/323617344/medium.jpeg,
07/10/2023,-220.268.358.633,-450.667.335.209,São Lourenço,Minas Gerais,https://www.inaturalist.org/observations/187025270,https://static.inaturalist.org/photos/326976701/medium.jpeg,
14/10/2023,-234.154.220.595,-458.690.325.671,Salesópolis,São Paulo,https://www.inaturalist.org/observations/187903069,https://static.inaturalist.org/photos/328712114/medium.jpeg,
14/10/2023,-23.460.470.696,-461.839.530.883,Guaratinguetá,São Paulo,https://www.inaturalist.org/observations/204534201,https://inaturalist-open-data.s3.amazonaws.com/photos/361543585/medium.jpg,
19/10/2023,-231.457.686.926,-452.390.018.611,Taubaté,São Paulo,https://www.inaturalist.org/observations/188656803,https://inaturalist-open-data.s3.amazonaws.com/photos/330261181/medium.jpeg,
31/10/2023,-227.168.803.313,-446.267.726.206,São José do Barreiro,São Paulo,https://www.inaturalist.org/observations/215083050,https://inaturalist-open-data.s3.amazonaws.com/photos/380225744/medium.jpeg,
04/12/2023,-232.034.913.175,-459.955.240.736,São José dos Campos,São Paulo,https://www.inaturalist.org/observations/193388608,https://inaturalist-open-data.s3.amazonaws.com/photos/339719536/medium.jpeg,
12/12/2023,-230.391.797.195,-448.917.691.645,Cunha,São Paulo,https://www.inaturalist.org/observations/197265134,https://inaturalist-open-data.s3.amazonaws.com/photos/347391450/medium.jpeg,Roadkill
26/12/2023,-210.383.033.581,-427.743.996.489,Guidoval,Minas Gerais,https://www.inaturalist.org/observations/194890652,https://inaturalist-open-data.s3.amazonaws.com/photos/342705316/medium.jpg,
09/01/2024,-229.011.953.859,-458.655.029.311,São José dos Campos,São Paulo,https://www.inaturalist.org/observations/213763406,https://static.inaturalist.org/photos/377790998/medium.jpeg,
24/01/2024,-232.679.208.657,-45.966.378.892,São José dos Campos,São Paulo,https://www.inaturalist.org/observations/197830842,https://static.inaturalist.org/photos/348532380/medium.jpeg,
09/02/2024,-228.007.923.693,-443.874.754.039,Angra dos Reis,Rio de Janeiro,https://www.inaturalist.org/observations/220010775,https://static.inaturalist.org/photos/389472544/medium.jpg,
11/02/2024,-230.845.932.515,-466.550.555.374,Atibaia,São Paulo,https://www.inaturalist.org/observations/199017164,https://inaturalist-open-data.s3.amazonaws.com/photos/350889513/medium.jpg,"PESSAOL, PRECISO DE AJUDA NESSAS IDS.  AS FOTOS SÃO SEQUENCIA DE INDIVÍDUOS DEIFERENTES DO MESMO BANDO. Foto faz parte de diversas incursões, pesquisas (amadoras), viagens, passarinhadas e expedições que fiz nesses últimos 20 anos com muitos amigos e até mesmo com a família. Espero que gostem!!"
11/02/2024,-230.589.646.417,-467.232.196.439,Atibaia,São Paulo,https://www.inaturalist.org/observations/199017174,https://inaturalist-open-data.s3.amazonaws.com/photos/350889560/medium.jpg,"PESSAOL, PRECISO DE AJUDA NESSAS IDS.  AS FOTOS SÃO SEQUENCIA DE INDIVÍDUOS DEIFERENTES DO MESMO BANDO. Foto faz parte de diversas incursões, pesquisas (amadoras), viagens, passarinhadas e expedições que fiz nesses últimos 20 anos com muitos amigos e até mesmo com a família. Espero que gostem!!"
11/02/2024,-230.390.500.546,-467.952.153.881,Atibaia,São Paulo,https://www.inaturalist.org/observations/199017175,https://inaturalist-open-data.s3.amazonaws.com/photos/350889562/medium.jpg,"A ID FOI INCIADA COM A IA DO SITE. PESSOAL, PRECISO DE AJUDA NESSAS IDS.  AS FOTOS SÃO SEQUENCIA DE INDIVÍDUOS DIFERENTES DO MESMO BANDO. Foto faz parte de diversas incursões, pesquisas (amadoras), viagens, passarinhadas e expedições que fiz nesses últimos 20 anos com muitos amigos e até mesmo com a família. Espero que gostem!!"
11/02/2024,-221.629.786.716,-450.106.752.113,São Lourenço,Minas Gerais,https://www.inaturalist.org/observations/199054284,https://inaturalist-open-data.s3.amazonaws.com/photos/350962977/medium.jpeg,Linda sp!!!
11/02/2024,-228.030.347.078,-458.593.284.323,São José dos Campos,São Paulo,https://www.inaturalist.org/observations/199181055,,"São Francisco Xavier, SP, Brasil."
11/02/2024,-228.157.019.089,-459.919.339.504,São José dos Campos,São Paulo,https://www.inaturalist.org/observations/199312846,https://static.inaturalist.org/photos/351477558/medium.jpg,
12/02/2024,-229.183.781.554,-458.217.377.705,São José dos Campos,São Paulo,https://www.inaturalist.org/observations/199387818,https://static.inaturalist.org/photos/351620985/medium.jpg,
13/02/2024,-230.816.391.939,-467.288.588.971,Atibaia,São Paulo,https://www.inaturalist.org/observations/199296980,https://inaturalist-open-data.s3.amazonaws.com/photos/351446507/medium.jpg,"Foto faz parte de diversas incursões, pesquisas (amadoras), viagens, passarinhadas e expedições que fiz nesses últimos 20 anos com muitos amigos e até mesmo com a família. Espero que gostem!!"
13/02/2024,-230.129.357.821,-466.654.718.722,Atibaia,São Paulo,https://www.inaturalist.org/observations/199296981,https://inaturalist-open-data.s3.amazonaws.com/photos/351446509/medium.jpg,"Foto faz parte de diversas incursões, pesquisas (amadoras), viagens, passarinhadas e expedições que fiz nesses últimos 20 anos com muitos amigos e até mesmo com a família. Espero que gostem!!"
21/02/2024,-224.048.726.691,-451.451.860.355,Delfim Moreira,Minas Gerais,https://www.inaturalist.org/observations/201295838,https://inaturalist-open-data.s3.amazonaws.com/photos/355313795/medium.jpg,Developed using darktable 3.4.0
01/03/2024,-232.914.605.277,-45.976.346.678,São José dos Campos,São Paulo,https://www.inaturalist.org/observations/201358131,https://inaturalist-open-data.s3.amazonaws.com/photos/355437107/medium.jpg,"São José dos Campos, SP, Brasil."
01/03/2024,-233.669.264.989,-459.085.430.113,São José dos Campos,São Paulo,https://www.inaturalist.org/observations/201358284,https://inaturalist-open-data.s3.amazonaws.com/photos/355437321/medium.jpg,"São José dos Campos, SP, Brasil."
03/03/2024,-233.385.243.121,-458.019.630.966,São José dos Campos,São Paulo,https://www.inaturalist.org/observations/201358373,https://inaturalist-open-data.s3.amazonaws.com/photos/355437444/medium.jpg,"São José dos Campos, SP, Brasil."
03/03/2024,-233.695.613.268,-459.677.706.151,São José dos Campos,São Paulo,https://www.inaturalist.org/observations/201358474,https://inaturalist-open-data.s3.amazonaws.com/photos/355437533/medium.jpg,"São José dos Campos, SP, Brasil."
07/04/2024,-204.650.368.126,-427.280.356.731,Oratórios,Minas Gerais,https://www.inaturalist.org/observations/205945198,https://inaturalist-open-data.s3.amazonaws.com/photos/364210645/medium.jpg,
16/04/2024,-226.857.088.737,-446.604.033.364,São José do Barreiro,São Paulo,https://www.inaturalist.org/observations/215041437,https://inaturalist-open-data.s3.amazonaws.com/photos/380153025/medium.jpeg,
21/04/2024,-209.296.806.729,-421.512.069.078,Porciúncula,Rio de Janeiro,https://www.inaturalist.org/observations/211948281,https://inaturalist-open-data.s3.amazonaws.com/photos/374603178/medium.jpg,
27/04/2024,-233.780.934.087,-458.466.546.961,São José dos Campos,São Paulo,https://www.inaturalist.org/observations/222520785,https://inaturalist-open-data.s3.amazonaws.com/photos/394180271/medium.jpg,"Em atividade conduzida pela Una Ecoturismo, São José dos Campos-SP, Brazil."
01/05/2024,-229.111.596.906,-458.055.740.174,São José dos Campos,São Paulo,https://www.inaturalist.org/observations/235572691,https://static.inaturalist.org/photos/418972743/medium.jpeg,
06/05/2024,-233.861.996.033,-459.862.809.761,São José dos Campos,São Paulo,https://www.inaturalist.org/observations/219325486,https://static.inaturalist.org/photos/388197838/medium.jpeg,
10/05/2024,-229.673.652.987,-463.808.733.856,Extrema,Minas Gerais,https://www.inaturalist.org/observations/221633622,https://static.inaturalist.org/photos/392509231/medium.jpeg,
15/05/2024,-233.037.501.233,-463.297.963.348,Nazaré Paulista,São Paulo,https://www.inaturalist.org/observations/258286583,https://inaturalist-open-data.s3.amazonaws.com/photos/463370451/medium.jpg,
15/05/2024,-230.789.274.335,-463.809.931.344,Nazaré Paulista,São Paulo,https://www.inaturalist.org/observations/259932397,https://inaturalist-open-data.s3.amazonaws.com/photos/466701636/medium.jpg,
18/05/2024,-234.439.265.869,-466.411.334.307,São Paulo,São Paulo,https://www.inaturalist.org/observations/216644349,https://inaturalist-open-data.s3.amazonaws.com/photos/383163058/medium.jpeg,
19/05/2024,-221.956.970.851,-451.190.259.163,São Lourenço,Minas Gerais,https://www.inaturalist.org/observations/216963917,https://inaturalist-open-data.s3.amazonaws.com/photos/383764952/medium.jpeg,
30/05/2024,-235.234.862.929,-460.722.793.958,Mogi das Cruzes,São Paulo,https://www.inaturalist.org/observations/219555418,https://static.inaturalist.org/photos/388626123/medium.jpg,
31/05/2024,-232.336.271.456,-458.223.949.366,São José dos Campos,São Paulo,https://www.inaturalist.org/observations/235640385,https://static.inaturalist.org/photos/419100863/medium.jpeg,
31/05/2024,-232.313.972.101,-45.893.732.821,São José dos Campos,São Paulo,https://www.inaturalist.org/observations/235897746,https://static.inaturalist.org/photos/419597261/medium.jpeg,
02/06/2024,-232.922.076.566,-457.317.236.792,Paraibuna,São Paulo,https://www.inaturalist.org/observations/221017351,https://static.inaturalist.org/photos/391367546/medium.jpeg,
02/06/2024,-208.689.429.567,-420.140.021.942,Porciúncula,Rio de Janeiro,https://www.inaturalist.org/observations/228415034,https://inaturalist-open-data.s3.amazonaws.com/photos/405331730/medium.jpg,
15/06/2024,-221.577.343.197,-451.229.549.203,São Lourenço,Minas Gerais,https://www.inaturalist.org/observations/245567413,https://inaturalist-open-data.s3.amazonaws.com/photos/438231054/medium.jpeg,
16/06/2024,-20.932.121.837,-420.955.201.964,Tombos,Minas Gerais,https://www.inaturalist.org/observations/223264937,https://inaturalist-open-data.s3.amazonaws.com/photos/395574918/medium.jpeg,
27/06/2024,-241.742.809.785,-470.758.182.772,Pedro de Toledo,São Paulo,https://www.inaturalist.org/observations/225533543,https://inaturalist-open-data.s3.amazonaws.com/photos/399866290/medium.jpeg,
06/07/2024,-228.519.893.814,-459.388.549.065,São José dos Campos,São Paulo,https://www.inaturalist.org/observations/235570597,https://static.inaturalist.org/photos/418968400/medium.jpeg,
21/07/2024,-22.183.770.726,-427.043.509.168,Sumidouro,Rio de Janeiro,https://www.inaturalist.org/observations/230842136,https://inaturalist-open-data.s3.amazonaws.com/photos/409918587/medium.jpeg,
21/07/2024,-22.826.307.194,-456.937.593.535,Santo Antônio do Pinhal,São Paulo,https://www.inaturalist.org/observations/257970736,https://inaturalist-open-data.s3.amazonaws.com/photos/462774673/medium.jpeg,
24/07/2024,-232.243.625.151,-457.504.520.234,Paraibuna,São Paulo,https://www.inaturalist.org/observations/235632049,https://static.inaturalist.org/photos/419083376/medium.jpeg,
31/07/2024,-22.515.075.961,-456.152.144.657,Conceição dos Ouros,Minas Gerais,https://www.inaturalist.org/observations/234229944,,
31/07/2024,-225.841.419.911,-457.641.880.016,Conceição dos Ouros,Minas Gerais,https://www.inaturalist.org/observations/234406720,https://static.inaturalist.org/photos/416704162/medium.jpg,
15/08/2024,-224.392.452.726,-42.924.815.135,Teresópolis,Rio de Janeiro,https://www.inaturalist.org/observations/236236972,https://static.inaturalist.org/photos/420255489/medium.jpg,
18/08/2024,-225.952.728.608,-43.059.838.792,Petrópolis,Rio de Janeiro,https://www.inaturalist.org/observations/236777532,https://static.inaturalist.org/photos/421290075/medium.jpeg,
20/08/2024,-236.554.334.229,-45.618.912.497,Salesópolis,São Paulo,https://www.inaturalist.org/observations/265191052,https://static.inaturalist.org/photos/476296947/medium.jpeg,
02/09/2024,-232.151.449.738,-46.286.829.545,Aruja,São Paulo,https://www.inaturalist.org/observations/240571668,https://inaturalist-open-data.s3.amazonaws.com/photos/428623834/medium.jpeg,
03/09/2024,-215.607.560.283,-461.195.146.879,Serranópolis de Minas,Minas Gerais,https://www.inaturalist.org/observations/239901541,https://static.inaturalist.org/photos/427335678/medium.jpeg,"Bicho muito diferente, foi registrado em uma passarinhada na região de Serrania MG. "
14/09/2024,-235.554.558.522,-461.322.232.444,Guaratinguetá,São Paulo,https://www.inaturalist.org/observations/246321031,https://static.inaturalist.org/photos/439716485/medium.jpeg,
09/10/2024,-232.487.993.316,-45.363.406.477,São Luiz do Paraitinga,São Paulo,https://www.inaturalist.org/observations/259873836,https://static.inaturalist.org/photos/466584810/medium.jpg,
22/10/2024,-235.480.579.416,-456.379.642.423,Santa Branca,São Paulo,https://www.inaturalist.org/observations/257258418,https://inaturalist-open-data.s3.amazonaws.com/photos/461439869/medium.jpeg,
25/10/2024,-235.512.095.847,-461.651.457.647,Mogi das Cruzes,São Paulo,https://www.inaturalist.org/observations/249376511,https://inaturalist-open-data.s3.amazonaws.com/photos/445768954/medium.jpeg,
25/10/2024,-235.340.514.641,-46.178.621.727,Mogi das Cruzes,São Paulo,https://www.inaturalist.org/observations/249382196,https://inaturalist-open-data.s3.amazonaws.com/photos/445770373/medium.jpeg,
26/10/2024,-223.842.878.404,-42.420.687.217,Nova Friburgo,Rio de Janeiro,https://www.inaturalist.org/observations/254728675,https://inaturalist-open-data.s3.amazonaws.com/photos/456329309/medium.jpeg,
02/11/2024,-22.492.164.198,-430.106.585.355,Petrópolis,Rio de Janeiro,https://www.inaturalist.org/observations/270451940,https://inaturalist-open-data.s3.amazonaws.com/photos/486384782/medium.jpg,Juvenil
15/11/2024,-222.319.164.914,-42.421.414.865,Nova Friburgo,Rio de Janeiro,https://www.inaturalist.org/observations/272670712,https://inaturalist-open-data.s3.amazonaws.com/photos/490563826/medium.jpeg,
26/11/2024,-235.103.840.626,-461.400.982.905,Guaratinguetá,São Paulo,https://www.inaturalist.org/observations/254849667,https://inaturalist-open-data.s3.amazonaws.com/photos/456578248/medium.jpeg,
30/11/2024,-235.224.340.341,-464.469.504.925,Guarulhos,São Paulo,https://www.inaturalist.org/observations/253647130,https://inaturalist-open-data.s3.amazonaws.com/photos/454208888/medium.jpeg,
30/11/2024,-221.367.502.332,-450.857.519.098,São Lourenço,Minas Gerais,https://www.inaturalist.org/observations/254026771,https://static.inaturalist.org/photos/454926256/medium.jpeg,
04/12/2024,-234.197.335.194,-467.490.002.076,São Paulo,São Paulo,https://www.inaturalist.org/observations/254301716,https://inaturalist-open-data.s3.amazonaws.com/photos/455473710/medium.jpeg,
08/12/2024,-236.736.378.532,-457.650.501.615,Salesópolis,São Paulo,https://www.inaturalist.org/observations/265057109,https://inaturalist-open-data.s3.amazonaws.com/photos/476032091/medium.jpg,
13/12/2024,-21.891.982.871,-423.361.845.221,Cantagalo,Rio de Janeiro,https://www.inaturalist.org/observations/263118052,https://inaturalist-open-data.s3.amazonaws.com/photos/472628169/medium.jpg,
18/12/2024,-234.530.017.729,-458.510.994.445,Salesópolis,São Paulo,https://www.inaturalist.org/observations/258057402,https://inaturalist-open-data.s3.amazonaws.com/photos/462939232/medium.jpg,
03/01/2025,-232.035.627.508,-451.065.078.058,Cunha,São Paulo,https://www.inaturalist.org/observations/259675841,https://inaturalist-open-data.s3.amazonaws.com/photos/466194490/medium.jpeg,
12/01/2025,-232.908.229.922,-463.698.973.995,Santa Isabel,São Paulo,https://www.inaturalist.org/observations/258278948,https://static.inaturalist.org/photos/463355258/medium.jpeg,
19/01/2025,-221.962.653.096,-450.310.762.874,São Lourenço,Minas Gerais,https://www.inaturalist.org/observations/263110501,https://inaturalist-open-data.s3.amazonaws.com/photos/472611891/medium.jpeg,
23/01/2025,-236.438.141.188,-457.491.147.114,Salesópolis,São Paulo,https://www.inaturalist.org/observations/259430256,https://static.inaturalist.org/photos/465704253/medium.jpeg,
23/01/2025,-23.222.746.546,-459.213.921.494,São José dos Campos,São Paulo,https://www.inaturalist.org/observations/276159648,https://static.inaturalist.org/photos/495997053/medium.jpeg,
26/01/2025,-2.235.114.837,-45.625.404.856,Cachoeira de Minas,Minas Gerais,https://www.inaturalist.org/observations/259709869,https://static.inaturalist.org/photos/466262022/medium.jpeg,"estava numa mata de baixada, onde se passa um ribeirão"
31/01/2025,-231.410.912.877,-458.967.151.121,São José dos Campos,São Paulo,https://www.inaturalist.org/observations/260863659,https://inaturalist-open-data.s3.amazonaws.com/photos/468545672/medium.jpg,
13/02/2025,-232.518.735.695,-459.886.504.472,São José dos Campos,São Paulo,https://www.inaturalist.org/observations/261572475,https://static.inaturalist.org/photos/469952811/medium.jpeg,
04/03/2025,-235.896.871.015,-461.836.170.133,Guaratinguetá,São Paulo,https://www.inaturalist.org/observations/263868670,https://inaturalist-open-data.s3.amazonaws.com/photos/474113887/medium.jpeg,
08/03/2025,-232.946.076.141,-468.214.919.898,Jundiaí,São Paulo,https://www.inaturalist.org/observations/264647522,https://inaturalist-open-data.s3.amazonaws.com/photos/475234567/medium.jpeg,
09/03/2025,-234.914.300.527,-460.526.512.751,Mogi das Cruzes,São Paulo,https://www.inaturalist.org/observations/264962940,https://static.inaturalist.org/photos/475846742/medium.jpg,
09/03/2025,-233.384.021.868,-464.609.367.993,Mairiporã,São Paulo,https://www.inaturalist.org/observations/265212887,https://inaturalist-open-data.s3.amazonaws.com/photos/476339795/medium.jpg,
12/03/2025,-23.751.139.471,-456.034.152.081,Salesópolis,São Paulo,https://www.inaturalist.org/observations/278637680,https://inaturalist-open-data.s3.amazonaws.com/photos/500321281/medium.jpeg,Serra do Mar State Park Núcleo Padre Dória
13/03/2025,-232.301.381.812,-463.071.506.215,Aruja,São Paulo,https://www.inaturalist.org/observations/265183707,https://static.inaturalist.org/photos/476282614/medium.jpeg,Bando de 5 indivíduos; travessia entre fragmentos em área rural.
16/03/2025,-231.771.827.522,-445.918.704.836,Parati,Rio de Janeiro,https://www.inaturalist.org/observations/265772373,https://inaturalist-open-data.s3.amazonaws.com/photos/477437761/medium.jpg,
21/03/2025,-228.677.131.503,-458.695.765.615,São José dos Campos,São Paulo,https://www.inaturalist.org/observations/268580697,https://static.inaturalist.org/photos/482790809/medium.jpg,
22/03/2025,-220.763.314.826,-428.639.061.333,Sapucaia,Rio de Janeiro,https://www.inaturalist.org/observations/266477350,https://static.inaturalist.org/photos/478789393/medium.jpg,
18/04/2025,-230.743.886.442,-451.535.970.137,Cunha,São Paulo,https://www.inaturalist.org/observations/271412742,https://inaturalist-open-data.s3.amazonaws.com/photos/488212183/medium.jpeg,
22/04/2025,-236.392.478.139,-459.613.160.945,Salesópolis,São Paulo,https://www.inaturalist.org/observations/272269504,https://static.inaturalist.org/photos/489821719/medium.jpeg,
26/04/2025,-234.951.795.038,-466.150.730.647,São Paulo,São Paulo,https://www.inaturalist.org/observations/274291558,https://inaturalist-open-data.s3.amazonaws.com/photos/493143012/medium.jpeg,
09/05/2025,-22.085.907.384,-451.994.603.677,São Lourenço,Minas Gerais,https://www.inaturalist.org/observations/279821624,https://inaturalist-open-data.s3.amazonaws.com/photos/502513613/medium.jpg,
18/05/2025,-225.810.367.658,-431.393.870.805,Petrópolis,Rio de Janeiro,https://www.inaturalist.org/observations/282365794,https://static.inaturalist.org/photos/507292896/medium.jpg,
20/05/2025,-233.648.068.699,-468.773.205.417,Jundiaí,São Paulo,https://www.inaturalist.org/observations/282757107,https://inaturalist-open-data.s3.amazonaws.com/photos/508028631/medium.jpg,
22/05/2025,-235.340.926.364,-459.393.922.165,Salesópolis,São Paulo,https://www.inaturalist.org/observations/283178070,https://static.inaturalist.org/photos/508807708/medium.jpg,